{"cameraMode":{"drawMode":0,"name":"Shaded","section":"Shading Mode"},"sceneLighting":false,"audioPlay":false,"sceneViewState":{"showFog":true,"showMaterialUpdate":false,"showSkybox":false,"showFlares":true,"showImageEffects":true,"showParticleSystems":true},"in2DMode":false,"pivot":{"x":-0.11544276773929596,"y":0.12436854839324951,"z":0.022759268060326577},"rotation":{"x":0.16855557262897492,"y":0.2569400668144226,"z":-0.04555238038301468,"w":0.9505333304405212},"size":22.0,"orthographic":false}