{"cameraMode":{"drawMode":0,"name":"Shaded","section":"Shading Mode"},"sceneLighting":true,"audioPlay":false,"sceneViewState":{"showFog":true,"showMaterialUpdate":false,"showSkybox":true,"showFlares":true,"showImageEffects":true,"showParticleSystems":true},"in2DMode":false,"pivot":{"x":12.166108131408692,"y":5.760719299316406,"z":5.183027267456055},"rotation":{"x":0.6734904646873474,"y":0.17642877995967866,"z":-0.17038650810718537,"w":0.6973406672477722},"size":8.041824340820313,"orthographic":false}