{"cameraMode":{"drawMode":0,"name":"Shaded","section":"Shading Mode"},"sceneLighting":false,"audioPlay":false,"sceneViewState":{"showFog":true,"showMaterialUpdate":false,"showSkybox":false,"showFlares":true,"showImageEffects":true,"showParticleSystems":true},"in2DMode":false,"pivot":{"x":-0.03499174118041992,"y":0.24494260549545289,"z":0.0},"rotation":{"x":-0.002549824072048068,"y":0.6349193453788757,"z":0.0020958855748176576,"w":0.7725844979286194},"size":9.611161231994629,"orthographic":true}