{"cameraMode":{"drawMode":0,"name":"Shaded","section":"Shading Mode"},"sceneLighting":true,"audioPlay":false,"sceneViewState":{"showFog":true,"showMaterialUpdate":false,"showSkybox":true,"showFlares":true,"showImageEffects":true,"showParticleSystems":true},"in2DMode":false,"pivot":{"x":4.751220226287842,"y":4.002655029296875,"z":2.1088409423828127},"rotation":{"x":0.5428889393806458,"y":0.06785628944635391,"z":-0.0440710186958313,"w":0.835900068283081},"size":36.877262115478519,"orthographic":false}