{"cameraMode":{"drawMode":0,"name":"Shaded","section":"Shading Mode"},"sceneLighting":true,"audioPlay":false,"sceneViewState":{"showFog":true,"showMaterialUpdate":false,"showSkybox":true,"showFlares":true,"showImageEffects":true,"showParticleSystems":true},"in2DMode":false,"pivot":{"x":576.9060668945313,"y":293.284912109375,"z":175.47479248046876},"rotation":{"x":0.00449958723038435,"y":0.018300861120224,"z":-0.00006817375833634287,"w":0.9998311400413513},"size":898.1162109375,"orthographic":false}