{"cameraMode":{"drawMode":0,"name":"Shaded","section":"Shading Mode"},"sceneLighting":false,"audioPlay":false,"sceneViewState":{"showFog":true,"showMaterialUpdate":false,"showSkybox":true,"showFlares":true,"showImageEffects":true,"showParticleSystems":true},"in2DMode":false,"pivot":{"x":-0.11544276773929596,"y":0.12436854839324951,"z":0.022759268060326577},"rotation":{"x":0.3422662317752838,"y":0.029026640579104425,"z":-0.010577716864645481,"w":0.9390996694564819},"size":22.0,"orthographic":false}